{
  "Note": "The data was sent by Jose Guzman on 11 July 2017 (P.Jonas and R.Mishra in CC) for the request of Szabolcs Kali",
  "fName": "timming.txt",
  "gauss_a": 54.6236,
  "gauss_b": 3.0503,
  "gauss_c": 62.243,
  "mean(%)": [
    21.8702,
    31.119,
    52.2211,
    48.4859,
    50.1551,
    77.7899,
    40.1036,
    41.3635,
    14.105
  ],
  "sd": [
    35.26976,
    36.4671,
    38.0846,
    43.98769,
    22.59811,
    62.56187,
    50.85966,
    20.46769,
    26.67865
  ],
  "sem": [
    15.77311,
    25.78613,
    21.98815,
    12.48665,
    10.10618,
    26.77354,
    25.42983,
    11.81703,
    13.33933
  ],
  "time(ms)": [
    -100.0,
    -50.0,
    -20.0,
    -10.0,
    0.0,
    10.0,
    20.0,
    50.0,
    100.0
  ]
}